timestamp,sentiment_label
2026-10-02T13:25:29.006185,positive
2026-10-04T09:51:18.272692,positive
2026-10-04T09:51:35.861394,positive
2026-10-04T09:51:49.164614,positive
2026-10-04T09:51:59.027907,positive
2026-10-04T09:52:07.638463,positive
2026-10-04T09:52:16.399559,positive
2026-10-04T09:52:26.182446,positive
2026-10-04T09:52:35.244577,neutral
2026-10-04T09:52:46.298365,neutral
2026-10-04T09:52:56.028966,neutral
2026-10-04T09:53:07.060607,neutral
2026-10-04T09:53:16.369989,neutral
2026-10-04T09:53:32.915456,neutral
2026-10-04T09:53:43.534872,negative
2026-10-04T09:53:52.833995,negative
2026-10-04T09:54:00.955072,negative
2026-10-04T09:54:11.811414,negative
2026-10-04T09:54:22.537670,negative
2026-10-04T09:54:31.139657,negative
2026-10-04T09:54:39.425444,negative
